{
	"textures": {
		"0": "animated_java:item/bus/bustexture"
	},
	"display": {
		"head": {
			"rotation": [0, 180, 0]
		}
	},
	"elements": [
		{
			"from": [4.23037, 9.63351, -1.17277],
			"to": [12.02094, 10.01047, 16.5445],
			"rotation": {
				"angle": 0,
				"axis": "y",
				"origin": [7.12042, 10.13613, 8]
			},
			"faces": {
				"north": {
					"uv": [7.04688, 2.57813, 8.01563, 2.625],
					"texture": "#0"
				},
				"east": {
					"uv": [6.46875, 4.21875, 8.67188, 4.26563],
					"texture": "#0"
				},
				"south": {
					"uv": [7.0625, 0.67188, 8.03125, 0.71875],
					"texture": "#0"
				},
				"west": {
					"uv": [6.46875, 4.26563, 8.67188, 4.3125],
					"texture": "#0"
				},
				"up": {
					"uv": [4.15625, 2.20313, 3.1875, 0],
					"texture": "#0"
				},
				"down": {
					"uv": [4.53125, 2.20313, 3.5625, 4.40625],
					"texture": "#0"
				}
			}
		},
		{
			"from": [8.12565, 9.88482, 14.03141],
			"to": [11.89529, 12.90052, 16.41885],
			"rotation": {
				"angle": 0,
				"axis": "y",
				"origin": [7.12042, 10.38743, 8]
			},
			"faces": {
				"north": {
					"uv": [2.25, 5.98438, 2.71875, 6.35938],
					"texture": "#0"
				},
				"east": {
					"uv": [6.53125, 5.32813, 6.82813, 5.70313],
					"texture": "#0"
				},
				"south": {
					"uv": [3.65625, 6, 4.125, 6.375],
					"texture": "#0"
				},
				"west": {
					"uv": [6.53125, 5.70313, 6.82813, 6.07813],
					"texture": "#0"
				},
				"up": {
					"uv": [0.76563, 6.71875, 0.29688, 6.42188],
					"texture": "#0"
				},
				"down": {
					"uv": [1.23438, 6.42188, 0.76563, 6.71875],
					"texture": "#0"
				}
			}
		},
		{
			"from": [9.13089, 9.88482, 9.63351],
			"to": [11.51832, 11.89529, 12.02094],
			"rotation": {
				"angle": 0,
				"axis": "y",
				"origin": [6.86911, 10.38743, 3.60209]
			},
			"faces": {
				"north": {
					"uv": [3.1875, 2.65625, 3.48438, 2.90625],
					"texture": "#0"
				},
				"east": {
					"uv": [4.15625, 1.9375, 4.45313, 2.1875],
					"texture": "#0"
				},
				"south": {
					"uv": [1.84375, 6.85938, 2.14063, 7.10938],
					"texture": "#0"
				},
				"west": {
					"uv": [5.15625, 6.875, 5.45313, 7.125],
					"texture": "#0"
				},
				"up": {
					"uv": [7.04688, 2.625, 6.75, 2.32813],
					"texture": "#0"
				},
				"down": {
					"uv": [4.85938, 6.75, 4.5625, 7.04688],
					"texture": "#0"
				}
			}
		},
		{
			"from": [4.73298, 9.88482, 0.33508],
			"to": [7.12042, 14.40838, 0.8377],
			"rotation": {
				"angle": 0,
				"axis": "y",
				"origin": [2.4712, 10.38743, -5.57068]
			},
			"faces": {
				"north": {
					"uv": [5.64063, 6.09375, 5.9375, 6.65625],
					"texture": "#0"
				},
				"east": {
					"uv": [1.4375, 4.59375, 1.5, 5.15625],
					"texture": "#0"
				},
				"south": {
					"uv": [5.9375, 6.09375, 6.23438, 6.65625],
					"texture": "#0"
				},
				"west": {
					"uv": [3.4375, 7.04688, 3.5, 7.60938],
					"texture": "#0"
				},
				"up": {
					"uv": [6.32813, 1.9375, 6.03125, 1.875],
					"texture": "#0"
				},
				"down": {
					"uv": [7.625, 1.26563, 7.32813, 1.32813],
					"texture": "#0"
				}
			}
		},
		{
			"from": [4.73298, 12.64921, -6.95288],
			"to": [6.86911, 16.04188, -6.57592],
			"rotation": {
				"angle": 0,
				"axis": "y",
				"origin": [2.4712, 13.15183, -12.98429]
			},
			"faces": {
				"north": {
					"uv": [1.23438, 3.75, 1.5, 4.17188],
					"texture": "#0"
				},
				"east": {
					"uv": [6.1875, 5.67188, 6.23438, 6.09375],
					"texture": "#0"
				},
				"south": {
					"uv": [1.23438, 4.17188, 1.5, 4.59375],
					"texture": "#0"
				},
				"west": {
					"uv": [1.89063, 7.32813, 1.9375, 7.75],
					"texture": "#0"
				},
				"up": {
					"uv": [7.625, 5.42188, 7.35938, 5.375],
					"texture": "#0"
				},
				"down": {
					"uv": [7.625, 5.42188, 7.35938, 5.46875],
					"texture": "#0"
				}
			}
		},
		{
			"from": [4.73298, 12.90052, -6.45026],
			"to": [6.86911, 13.27749, -4.6911],
			"rotation": {
				"angle": 0,
				"axis": "y",
				"origin": [2.4712, 11.51832, -12.98429]
			},
			"faces": {
				"north": {
					"uv": [7.35938, 5.46875, 7.625, 5.51563],
					"texture": "#0"
				},
				"east": {
					"uv": [2.20313, 7.39063, 2.42188, 7.4375],
					"texture": "#0"
				},
				"south": {
					"uv": [7.35938, 5.51563, 7.625, 5.5625],
					"texture": "#0"
				},
				"west": {
					"uv": [7.39063, 5.95313, 7.60938, 6],
					"texture": "#0"
				},
				"up": {
					"uv": [1.95313, 7.32813, 1.6875, 7.10938],
					"texture": "#0"
				},
				"down": {
					"uv": [0.85938, 7.125, 0.59375, 7.34375],
					"texture": "#0"
				}
			}
		},
		{
			"from": [7.12042, 12.90052, -6.45026],
			"to": [9.25654, 13.27749, -4.6911],
			"rotation": {
				"angle": 0,
				"axis": "y",
				"origin": [4.85864, 11.51832, -12.98429]
			},
			"faces": {
				"north": {
					"uv": [7.375, 1.1875, 7.64063, 1.23438],
					"texture": "#0"
				},
				"east": {
					"uv": [7.39063, 6, 7.60938, 6.04688],
					"texture": "#0"
				},
				"south": {
					"uv": [1.9375, 7.39063, 2.20313, 7.4375],
					"texture": "#0"
				},
				"west": {
					"uv": [7.39063, 6.04688, 7.60938, 6.09375],
					"texture": "#0"
				},
				"up": {
					"uv": [1.125, 7.34375, 0.85938, 7.125],
					"texture": "#0"
				},
				"down": {
					"uv": [1.39063, 7.125, 1.125, 7.34375],
					"texture": "#0"
				}
			}
		},
		{
			"from": [9.3822, 12.90052, -6.45026],
			"to": [11.51832, 13.27749, -4.6911],
			"rotation": {
				"angle": 0,
				"axis": "y",
				"origin": [7.12042, 11.51832, -12.98429]
			},
			"faces": {
				"north": {
					"uv": [7.39063, 2.17188, 7.65625, 2.21875],
					"texture": "#0"
				},
				"east": {
					"uv": [7.39063, 6.09375, 7.60938, 6.14063],
					"texture": "#0"
				},
				"south": {
					"uv": [7.39063, 2.21875, 7.65625, 2.26563],
					"texture": "#0"
				},
				"west": {
					"uv": [7.39063, 6.14063, 7.60938, 6.1875],
					"texture": "#0"
				},
				"up": {
					"uv": [5.23438, 7.34375, 4.96875, 7.125],
					"texture": "#0"
				},
				"down": {
					"uv": [5.5, 7.125, 5.23438, 7.34375],
					"texture": "#0"
				}
			}
		},
		{
			"from": [9.3822, 12.64921, -6.95288],
			"to": [11.51832, 16.04188, -6.57592],
			"rotation": {
				"angle": 0,
				"axis": "y",
				"origin": [7.12042, 13.15183, -12.98429]
			},
			"faces": {
				"north": {
					"uv": [1.84375, 6.4375, 2.10938, 6.85938],
					"texture": "#0"
				},
				"east": {
					"uv": [0.57813, 7.34375, 0.625, 7.76563],
					"texture": "#0"
				},
				"south": {
					"uv": [2.8125, 6.45313, 3.07813, 6.875],
					"texture": "#0"
				},
				"west": {
					"uv": [0.625, 7.34375, 0.67188, 7.76563],
					"texture": "#0"
				},
				"up": {
					"uv": [7.65625, 2.3125, 7.39063, 2.26563],
					"texture": "#0"
				},
				"down": {
					"uv": [7.65625, 5.90625, 7.39063, 5.95313],
					"texture": "#0"
				}
			}
		},
		{
			"from": [6.99476, 12.64921, -6.95288],
			"to": [9.25654, 16.04188, -6.57592],
			"rotation": {
				"angle": 0,
				"axis": "y",
				"origin": [4.73298, 13.15183, -12.98429]
			},
			"faces": {
				"north": {
					"uv": [3.23438, 6.42188, 3.51563, 6.84375],
					"texture": "#0"
				},
				"east": {
					"uv": [0.67188, 7.34375, 0.71875, 7.76563],
					"texture": "#0"
				},
				"south": {
					"uv": [1.5625, 6.4375, 1.84375, 6.85938],
					"texture": "#0"
				},
				"west": {
					"uv": [0.71875, 7.34375, 0.76563, 7.76563],
					"texture": "#0"
				},
				"up": {
					"uv": [7.625, 4.875, 7.34375, 4.82813],
					"texture": "#0"
				},
				"down": {
					"uv": [7.64063, 5.32813, 7.35938, 5.375],
					"texture": "#0"
				}
			}
		},
		{
			"from": [4.73298, 9.88482, 0.8377],
			"to": [7.12042, 11.89529, 3.22513],
			"rotation": {
				"angle": 0,
				"axis": "y",
				"origin": [2.4712, 10.38743, -5.19372]
			},
			"faces": {
				"north": {
					"uv": [5.45313, 6.875, 5.75, 7.125],
					"texture": "#0"
				},
				"east": {
					"uv": [5.75, 6.875, 6.04688, 7.125],
					"texture": "#0"
				},
				"south": {
					"uv": [6.89063, 3.95313, 7.1875, 4.20313],
					"texture": "#0"
				},
				"west": {
					"uv": [6.89063, 4.65625, 7.1875, 4.90625],
					"texture": "#0"
				},
				"up": {
					"uv": [5.15625, 7.04688, 4.85938, 6.75],
					"texture": "#0"
				},
				"down": {
					"uv": [7.07813, 0.78125, 6.78125, 1.07813],
					"texture": "#0"
				}
			}
		},
		{
			"from": [4.73298, 9.88482, 4.60733],
			"to": [7.12042, 14.40838, 5.10995],
			"rotation": {
				"angle": 0,
				"axis": "y",
				"origin": [2.4712, 10.38743, -1.29843]
			},
			"faces": {
				"north": {
					"uv": [6.125, 2.29688, 6.42188, 2.85938],
					"texture": "#0"
				},
				"east": {
					"uv": [5.96875, 7.125, 6.03125, 7.6875],
					"texture": "#0"
				},
				"south": {
					"uv": [6.23438, 5.67188, 6.53125, 6.23438],
					"texture": "#0"
				},
				"west": {
					"uv": [4.5, 7.15625, 4.5625, 7.71875],
					"texture": "#0"
				},
				"up": {
					"uv": [7.625, 1.39063, 7.32813, 1.32813],
					"texture": "#0"
				},
				"down": {
					"uv": [7.625, 1.39063, 7.32813, 1.45313],
					"texture": "#0"
				}
			}
		},
		{
			"from": [4.73298, 9.88482, 5.10995],
			"to": [7.12042, 11.89529, 7.49738],
			"rotation": {
				"angle": 0,
				"axis": "y",
				"origin": [2.4712, 10.38743, -0.92147]
			},
			"faces": {
				"north": {
					"uv": [2.14063, 6.92188, 2.4375, 7.17188],
					"texture": "#0"
				},
				"east": {
					"uv": [6.375, 6.92188, 6.67188, 7.17188],
					"texture": "#0"
				},
				"south": {
					"uv": [6.67188, 6.92188, 6.96875, 7.17188],
					"texture": "#0"
				},
				"west": {
					"uv": [0.29688, 6.9375, 0.59375, 7.1875],
					"texture": "#0"
				},
				"up": {
					"uv": [7.07813, 1.375, 6.78125, 1.07813],
					"texture": "#0"
				},
				"down": {
					"uv": [7.07813, 1.375, 6.78125, 1.67188],
					"texture": "#0"
				}
			}
		},
		{
			"from": [9.13089, 9.88482, 9.13089],
			"to": [11.51832, 14.40838, 9.63351],
			"rotation": {
				"angle": 0,
				"axis": "y",
				"origin": [6.86911, 10.38743, 3.22513]
			},
			"faces": {
				"north": {
					"uv": [6.23438, 6.23438, 6.53125, 6.79688],
					"texture": "#0"
				},
				"east": {
					"uv": [0.45313, 7.1875, 0.51563, 7.75],
					"texture": "#0"
				},
				"south": {
					"uv": [6.3125, 2.85938, 6.60938, 3.42188],
					"texture": "#0"
				},
				"west": {
					"uv": [0.51563, 7.1875, 0.57813, 7.75],
					"texture": "#0"
				},
				"up": {
					"uv": [7.625, 1.51563, 7.32813, 1.45313],
					"texture": "#0"
				},
				"down": {
					"uv": [1.0625, 7.34375, 0.76563, 7.40625],
					"texture": "#0"
				}
			}
		},
		{
			"from": [9.13089, 9.88482, 5.10995],
			"to": [11.51832, 11.89529, 7.49738],
			"rotation": {
				"angle": 0,
				"axis": "y",
				"origin": [6.86911, 10.38743, -0.92147]
			},
			"faces": {
				"north": {
					"uv": [3.64063, 6.9375, 3.9375, 7.1875],
					"texture": "#0"
				},
				"east": {
					"uv": [3.9375, 6.9375, 4.23438, 7.1875],
					"texture": "#0"
				},
				"south": {
					"uv": [6.9375, 5.92188, 7.23438, 6.17188],
					"texture": "#0"
				},
				"west": {
					"uv": [6.9375, 6.17188, 7.23438, 6.42188],
					"texture": "#0"
				},
				"up": {
					"uv": [6.375, 7.09375, 6.07813, 6.79688],
					"texture": "#0"
				},
				"down": {
					"uv": [1.4375, 6.82813, 1.14063, 7.125],
					"texture": "#0"
				}
			}
		},
		{
			"from": [9.13089, 9.88482, 4.60733],
			"to": [11.51832, 14.40838, 5.10995],
			"rotation": {
				"angle": 0,
				"axis": "y",
				"origin": [6.86911, 10.38743, -1.29843]
			},
			"faces": {
				"north": {
					"uv": [2.25, 6.35938, 2.54688, 6.92188],
					"texture": "#0"
				},
				"east": {
					"uv": [4.1875, 7.1875, 4.25, 7.75],
					"texture": "#0"
				},
				"south": {
					"uv": [3.65625, 6.375, 3.95313, 6.9375],
					"texture": "#0"
				},
				"west": {
					"uv": [0.15625, 7.21875, 0.21875, 7.78125],
					"texture": "#0"
				},
				"up": {
					"uv": [1.35938, 7.40625, 1.0625, 7.34375],
					"texture": "#0"
				},
				"down": {
					"uv": [7.64063, 4.64063, 7.34375, 4.70313],
					"texture": "#0"
				}
			}
		},
		{
			"from": [9.13089, 9.88482, 0.8377],
			"to": [11.51832, 11.89529, 3.22513],
			"rotation": {
				"angle": 0,
				"axis": "y",
				"origin": [6.86911, 10.38743, -5.19372]
			},
			"faces": {
				"north": {
					"uv": [0, 6.96875, 0.29688, 7.21875],
					"texture": "#0"
				},
				"east": {
					"uv": [6.96875, 1.92188, 7.26563, 2.17188],
					"texture": "#0"
				},
				"south": {
					"uv": [6.96875, 6.70313, 7.26563, 6.95313],
					"texture": "#0"
				},
				"west": {
					"uv": [6.96875, 6.95313, 7.26563, 7.20313],
					"texture": "#0"
				},
				"up": {
					"uv": [7.125, 5.625, 6.82813, 5.32813],
					"texture": "#0"
				},
				"down": {
					"uv": [7.125, 5.625, 6.82813, 5.92188],
					"texture": "#0"
				}
			}
		},
		{
			"from": [9.13089, 9.88482, 0.33508],
			"to": [11.51832, 14.40838, 0.8377],
			"rotation": {
				"angle": 0,
				"axis": "y",
				"origin": [6.86911, 10.38743, -5.57068]
			},
			"faces": {
				"north": {
					"uv": [3.95313, 6.375, 4.25, 6.9375],
					"texture": "#0"
				},
				"east": {
					"uv": [0.21875, 7.21875, 0.28125, 7.78125],
					"texture": "#0"
				},
				"south": {
					"uv": [0, 6.40625, 0.29688, 6.96875],
					"texture": "#0"
				},
				"west": {
					"uv": [4.71875, 7.29688, 4.78125, 7.85938],
					"texture": "#0"
				},
				"up": {
					"uv": [7.64063, 4.76563, 7.34375, 4.70313],
					"texture": "#0"
				},
				"down": {
					"uv": [7.64063, 4.76563, 7.34375, 4.82813],
					"texture": "#0"
				}
			}
		},
		{
			"from": [11.51832, 10.01047, -1.17277],
			"to": [12.02094, 12.90052, 16.41885],
			"rotation": {
				"angle": 0,
				"axis": "y",
				"origin": [7.12042, 10.51309, 8]
			},
			"faces": {
				"north": {
					"uv": [3.5, 5.21875, 3.5625, 5.57813],
					"texture": "#0"
				},
				"east": {
					"uv": [3.5625, 4.40625, 5.75, 4.76563],
					"texture": "#0"
				},
				"south": {
					"uv": [4.125, 6, 4.1875, 6.35938],
					"texture": "#0"
				},
				"west": {
					"uv": [4.53125, 1.9375, 6.71875, 2.29688],
					"texture": "#0"
				},
				"up": {
					"uv": [2.60938, 8.54688, 2.54688, 6.35938],
					"texture": "#0"
				},
				"down": {
					"uv": [2.67188, 6.35938, 2.60938, 8.54688],
					"texture": "#0"
				}
			}
		},
		{
			"from": [4.23037, 9.63351, -7.4555],
			"to": [12.02094, 12.90052, -4.43979],
			"rotation": {
				"angle": 0,
				"axis": "y",
				"origin": [-0.16754, 10.51309, -4.43979]
			},
			"faces": {
				"north": {
					"uv": [4.53125, 3.92188, 5.5, 4.32813],
					"texture": "#0"
				},
				"east": {
					"uv": [6.40625, 0.96875, 6.78125, 1.375],
					"texture": "#0"
				},
				"south": {
					"uv": [0, 4.71875, 0.96875, 5.125],
					"texture": "#0"
				},
				"west": {
					"uv": [6.40625, 1.375, 6.78125, 1.78125],
					"texture": "#0"
				},
				"up": {
					"uv": [6.46875, 4.32813, 5.5, 3.95313],
					"texture": "#0"
				},
				"down": {
					"uv": [6.46875, 4.76563, 5.5, 5.14063],
					"texture": "#0"
				}
			}
		},
		{
			"from": [4.23037, 11.14136, -4.43979],
			"to": [4.73298, 12.90052, -1.17277],
			"rotation": {
				"angle": 0,
				"axis": "y",
				"origin": [-0.16754, 12.02094, -1.17277]
			},
			"faces": {
				"north": {
					"uv": [5.28125, 7.34375, 5.34375, 7.5625],
					"texture": "#0"
				},
				"east": {
					"uv": [5.26563, 6.65625, 5.67188, 6.875],
					"texture": "#0"
				},
				"south": {
					"uv": [5.34375, 7.34375, 5.40625, 7.5625],
					"texture": "#0"
				},
				"west": {
					"uv": [5.67188, 6.65625, 6.07813, 6.875],
					"texture": "#0"
				},
				"up": {
					"uv": [1.6875, 7.71875, 1.625, 7.3125],
					"texture": "#0"
				},
				"down": {
					"uv": [3.70313, 7.3125, 3.64063, 7.71875],
					"texture": "#0"
				}
			}
		},
		{
			"from": [11.51832, 11.14136, -4.43979],
			"to": [12.02094, 12.90052, -1.17277],
			"rotation": {
				"angle": 0,
				"axis": "y",
				"origin": [7.12042, 12.02094, -1.17277]
			},
			"faces": {
				"north": {
					"uv": [5.40625, 7.34375, 5.46875, 7.5625],
					"texture": "#0"
				},
				"east": {
					"uv": [6.53125, 6.70313, 6.9375, 6.92188],
					"texture": "#0"
				},
				"south": {
					"uv": [5.73438, 7.34375, 5.79688, 7.5625],
					"texture": "#0"
				},
				"west": {
					"uv": [0.29688, 6.71875, 0.70313, 6.9375],
					"texture": "#0"
				},
				"up": {
					"uv": [3.76563, 7.71875, 3.70313, 7.3125],
					"texture": "#0"
				},
				"down": {
					"uv": [3.82813, 7.3125, 3.76563, 7.71875],
					"texture": "#0"
				}
			}
		},
		{
			"from": [5.2356, 9.25654, -4.43979],
			"to": [11.01571, 11.01571, -1.04712],
			"rotation": {
				"angle": 0,
				"axis": "y",
				"origin": [-0.16754, 10.13613, -1.17277]
			},
			"faces": {
				"north": {
					"uv": [2.84375, 5.21875, 3.5, 5.4375],
					"texture": "#0"
				},
				"east": {
					"uv": [6.64063, 0.28125, 7.0625, 0.5],
					"texture": "#0"
				},
				"south": {
					"uv": [5.75, 4.51563, 6.40625, 4.73438],
					"texture": "#0"
				},
				"west": {
					"uv": [6.64063, 0.5, 7.0625, 0.71875],
					"texture": "#0"
				},
				"up": {
					"uv": [4.375, 6, 3.71875, 5.57813],
					"texture": "#0"
				},
				"down": {
					"uv": [6.1875, 5.67188, 5.53125, 6.09375],
					"texture": "#0"
				}
			}
		},
		{
			"from": [4.73298, 10.01047, -1.17277],
			"to": [11.51832, 11.14136, -0.92147],
			"rotation": {
				"angle": 0,
				"axis": "y",
				"origin": [-0.16754, 10.51309, -4.43979]
			},
			"faces": {
				"north": {
					"uv": [6.40625, 1.78125, 7.25, 1.92188],
					"texture": "#0"
				},
				"east": {
					"uv": [6.28125, 2.85938, 6.3125, 3],
					"texture": "#0"
				},
				"south": {
					"uv": [6.40625, 4.51563, 7.25, 4.65625],
					"texture": "#0"
				},
				"west": {
					"uv": [6.57813, 2.70313, 6.60938, 2.84375],
					"texture": "#0"
				},
				"up": {
					"uv": [8.10938, 2.17188, 7.26563, 2.14063],
					"texture": "#0"
				},
				"down": {
					"uv": [8.15625, 0.28125, 7.3125, 0.3125],
					"texture": "#0"
				}
			}
		},
		{
			"from": [4.23037, 10.63874, -4.43979],
			"to": [12.02094, 11.14136, -1.17277],
			"rotation": {
				"angle": 0,
				"axis": "y",
				"origin": [-0.16754, 7.37173, -3.18325]
			},
			"faces": {
				"north": {
					"uv": [4.53125, 4.32813, 5.5, 4.39063],
					"texture": "#0"
				},
				"east": {
					"uv": [7.3125, 4.90625, 7.71875, 4.96875],
					"texture": "#0"
				},
				"south": {
					"uv": [6.9375, 6.51563, 7.90625, 6.57813],
					"texture": "#0"
				},
				"west": {
					"uv": [7.3125, 4.96875, 7.71875, 5.03125],
					"texture": "#0"
				},
				"up": {
					"uv": [4.53125, 5.17188, 3.5625, 4.76563],
					"texture": "#0"
				},
				"down": {
					"uv": [5.5, 4.76563, 4.53125, 5.17188],
					"texture": "#0"
				}
			}
		},
		{
			"from": [4.23037, 10.01047, -1.17277],
			"to": [4.73298, 12.90052, 11.64398],
			"rotation": {
				"angle": 0,
				"axis": "y",
				"origin": [-0.16754, 10.51309, 8]
			},
			"faces": {
				"north": {
					"uv": [4.1875, 6, 4.25, 6.35938],
					"texture": "#0"
				},
				"east": {
					"uv": [4.53125, 2.29688, 6.125, 2.65625],
					"texture": "#0"
				},
				"south": {
					"uv": [1.82813, 7.32813, 1.89063, 7.6875],
					"texture": "#0"
				},
				"west": {
					"uv": [4.53125, 2.65625, 6.125, 3.01563],
					"texture": "#0"
				},
				"up": {
					"uv": [3.57813, 8.01563, 3.51563, 6.42188],
					"texture": "#0"
				},
				"down": {
					"uv": [3.64063, 6.42188, 3.57813, 8.01563],
					"texture": "#0"
				}
			}
		},
		{
			"from": [4.35602, 12.90052, -7.32984],
			"to": [11.89529, 16.79581, -6.95288],
			"rotation": {
				"angle": 0,
				"axis": "y",
				"origin": [-3.81152, 13.40314, -11.8534]
			},
			"faces": {
				"north": {
					"uv": [0, 3.75, 0.9375, 4.23438],
					"texture": "#0"
				},
				"east": {
					"uv": [7.32813, 0.78125, 7.375, 1.26563],
					"texture": "#0"
				},
				"south": {
					"uv": [0, 4.23438, 0.9375, 4.71875],
					"texture": "#0"
				},
				"west": {
					"uv": [1.6875, 7.32813, 1.73438, 7.8125],
					"texture": "#0"
				},
				"up": {
					"uv": [8.0625, 5.85938, 7.125, 5.8125],
					"texture": "#0"
				},
				"down": {
					"uv": [8.0625, 5.85938, 7.125, 5.90625],
					"texture": "#0"
				}
			}
		},
		{
			"from": [11.76963, 12.90052, 16.41885],
			"to": [11.89529, 17.80105, 16.5445],
			"rotation": {
				"angle": 0,
				"axis": "y",
				"origin": [6.99476, 13.40314, 8]
			},
			"faces": {
				"north": {
					"uv": [2.70313, 6.35938, 2.71875, 6.96875],
					"texture": "#0"
				},
				"east": {
					"uv": [3.5, 6.84375, 3.51563, 7.45313],
					"texture": "#0"
				},
				"south": {
					"uv": [2.70313, 6.96875, 2.71875, 7.57813],
					"texture": "#0"
				},
				"west": {
					"uv": [0.28125, 7.21875, 0.29688, 7.82813],
					"texture": "#0"
				},
				"up": {
					"uv": [3.29688, 2.92188, 3.28125, 2.90625],
					"texture": "#0"
				},
				"down": {
					"uv": [3.3125, 2.90625, 3.29688, 2.92188],
					"texture": "#0"
				}
			}
		},
		{
			"from": [11.51832, 16.79581, -7.32984],
			"to": [11.89529, 17.80105, 16.41885],
			"rotation": {
				"angle": 0,
				"axis": "y",
				"origin": [6.99476, 17.29843, 8]
			},
			"faces": {
				"north": {
					"uv": [3.45313, 5.4375, 3.5, 5.5625],
					"texture": "#0"
				},
				"east": {
					"uv": [5.4375, 3.45313, 8.39063, 3.57813],
					"texture": "#0"
				},
				"south": {
					"uv": [5.48438, 5.90625, 5.53125, 6.03125],
					"texture": "#0"
				},
				"west": {
					"uv": [5.4375, 3.57813, 8.39063, 3.70313],
					"texture": "#0"
				},
				"up": {
					"uv": [2.76563, 8.9375, 2.71875, 5.98438],
					"texture": "#0"
				},
				"down": {
					"uv": [2.8125, 5.98438, 2.76563, 8.9375],
					"texture": "#0"
				}
			}
		},
		{
			"from": [4.35602, 16.79581, -7.32984],
			"to": [4.73298, 17.80105, 16.41885],
			"rotation": {
				"angle": 0,
				"axis": "y",
				"origin": [-0.16754, 17.29843, 8]
			},
			"faces": {
				"north": {
					"uv": [6.64063, 0.78125, 6.6875, 0.90625],
					"texture": "#0"
				},
				"east": {
					"uv": [5.4375, 3.70313, 8.39063, 3.82813],
					"texture": "#0"
				},
				"south": {
					"uv": [6.07813, 6.65625, 6.125, 6.78125],
					"texture": "#0"
				},
				"west": {
					"uv": [5.5, 3.82813, 8.45313, 3.95313],
					"texture": "#0"
				},
				"up": {
					"uv": [4.29688, 8.95313, 4.25, 6],
					"texture": "#0"
				},
				"down": {
					"uv": [4.34375, 6, 4.29688, 8.95313],
					"texture": "#0"
				}
			}
		},
		{
			"from": [4.73298, 16.79581, -7.32984],
			"to": [11.51832, 17.80105, -6.95288],
			"rotation": {
				"angle": 0,
				"axis": "y",
				"origin": [4.48168, 17.29843, -7.20419]
			},
			"faces": {
				"north": {
					"uv": [6.46875, 4.92188, 7.3125, 5.04688],
					"texture": "#0"
				},
				"east": {
					"uv": [6.125, 6.65625, 6.17188, 6.78125],
					"texture": "#0"
				},
				"south": {
					"uv": [6.60938, 3.23438, 7.45313, 3.35938],
					"texture": "#0"
				},
				"west": {
					"uv": [6.17188, 6.65625, 6.21875, 6.78125],
					"texture": "#0"
				},
				"up": {
					"uv": [8.01563, 3.17188, 7.17188, 3.125],
					"texture": "#0"
				},
				"down": {
					"uv": [8.01563, 3.17188, 7.17188, 3.21875],
					"texture": "#0"
				}
			}
		},
		{
			"from": [4.73298, 17.67539, -7.07853],
			"to": [11.51832, 17.9267, 16.41885],
			"rotation": {
				"angle": 0,
				"axis": "y",
				"origin": [4.48168, 17.29843, -6.95288]
			},
			"faces": {
				"north": {
					"uv": [7.3125, 0.3125, 8.15625, 0.34375],
					"texture": "#0"
				},
				"east": {
					"uv": [6.64063, 0.71875, 9.5625, 0.75],
					"texture": "#0"
				},
				"south": {
					"uv": [7.3125, 0.34375, 8.15625, 0.375],
					"texture": "#0"
				},
				"west": {
					"uv": [6.64063, 0.75, 9.5625, 0.78125],
					"texture": "#0"
				},
				"up": {
					"uv": [2.34375, 2.92188, 1.5, 0],
					"texture": "#0"
				},
				"down": {
					"uv": [3.1875, 0, 2.34375, 2.92188],
					"texture": "#0"
				}
			}
		},
		{
			"from": [9.3822, 14.40838, -4.06283],
			"to": [11.73822, 14.65969, -3.81152],
			"rotation": {
				"angle": 0,
				"axis": "y",
				"origin": [4.48168, 14.03141, -3.93717]
			},
			"faces": {
				"north": {
					"uv": [5.26563, 6.0625, 5.53125, 6.09375],
					"texture": "#0"
				},
				"east": {
					"uv": [1.46875, 5.15625, 1.5, 5.1875],
					"texture": "#0"
				},
				"south": {
					"uv": [6.1875, 4.73438, 6.45313, 4.76563],
					"texture": "#0"
				},
				"west": {
					"uv": [1.46875, 5.1875, 1.5, 5.21875],
					"texture": "#0"
				},
				"up": {
					"uv": [6.57813, 3.45313, 6.3125, 3.42188],
					"texture": "#0"
				},
				"down": {
					"uv": [7.65625, 6.1875, 7.39063, 6.21875],
					"texture": "#0"
				}
			}
		},
		{
			"from": [9.25654, 14.53403, -4.06283],
			"to": [9.50785, 17.80105, -3.81152],
			"rotation": {
				"angle": 0,
				"axis": "y",
				"origin": [9.88482, 14.78534, -3.93717]
			},
			"faces": {
				"north": {
					"uv": [2.21875, 6.4375, 2.25, 6.84375],
					"texture": "#0"
				},
				"east": {
					"uv": [1.35938, 7.34375, 1.39063, 7.75],
					"texture": "#0"
				},
				"south": {
					"uv": [5.46875, 7.34375, 5.5, 7.75],
					"texture": "#0"
				},
				"west": {
					"uv": [5.79688, 7.34375, 5.82813, 7.75],
					"texture": "#0"
				},
				"up": {
					"uv": [5.53125, 5.17188, 5.5, 5.14063],
					"texture": "#0"
				},
				"down": {
					"uv": [0.90625, 5.57813, 0.875, 5.60938],
					"texture": "#0"
				}
			}
		},
		{
			"from": [4.38743, 14.40838, -4.06283],
			"to": [6.6178, 14.65969, -3.81152],
			"rotation": {
				"angle": 0,
				"axis": "y",
				"origin": [6.55497, 14.53403, -3.93717]
			},
			"faces": {
				"north": {
					"uv": [7.39063, 6.21875, 7.625, 6.25],
					"texture": "#0"
				},
				"east": {
					"uv": [0.90625, 5.57813, 0.9375, 5.60938],
					"texture": "#0"
				},
				"south": {
					"uv": [7.39063, 6.25, 7.625, 6.28125],
					"texture": "#0"
				},
				"west": {
					"uv": [0.9375, 5.57813, 0.96875, 5.60938],
					"texture": "#0"
				},
				"up": {
					"uv": [7.625, 6.3125, 7.39063, 6.28125],
					"texture": "#0"
				},
				"down": {
					"uv": [7.625, 6.3125, 7.39063, 6.34375],
					"texture": "#0"
				}
			}
		},
		{
			"from": [6.49215, 14.53403, -4.06283],
			"to": [6.74346, 17.80105, -3.81152],
			"rotation": {
				"angle": 0,
				"axis": "y",
				"origin": [6.6178, 16.16754, -3.93717]
			},
			"faces": {
				"north": {
					"uv": [5.82813, 7.34375, 5.85938, 7.75],
					"texture": "#0"
				},
				"east": {
					"uv": [5.85938, 7.34375, 5.89063, 7.75],
					"texture": "#0"
				},
				"south": {
					"uv": [5.89063, 7.34375, 5.92188, 7.75],
					"texture": "#0"
				},
				"west": {
					"uv": [5.92188, 7.34375, 5.95313, 7.75],
					"texture": "#0"
				},
				"up": {
					"uv": [1.96875, 5.64063, 1.9375, 5.60938],
					"texture": "#0"
				},
				"down": {
					"uv": [5.75, 4.32813, 5.71875, 4.35938],
					"texture": "#0"
				}
			}
		},
		{
			"from": [6.74346, 14.40838, 0.46073],
			"to": [6.99476, 17.67539, 0.71204],
			"rotation": {
				"angle": 0,
				"axis": "y",
				"origin": [6.86911, 16.04188, 0.58639]
			},
			"faces": {
				"north": {
					"uv": [6.03125, 7.34375, 6.0625, 7.75],
					"texture": "#0"
				},
				"east": {
					"uv": [6.0625, 7.34375, 6.09375, 7.75],
					"texture": "#0"
				},
				"south": {
					"uv": [6.09375, 7.34375, 6.125, 7.75],
					"texture": "#0"
				},
				"west": {
					"uv": [6.125, 7.34375, 6.15625, 7.75],
					"texture": "#0"
				},
				"up": {
					"uv": [5.75, 4.39063, 5.71875, 4.35938],
					"texture": "#0"
				},
				"down": {
					"uv": [3.6875, 5.96875, 3.65625, 6],
					"texture": "#0"
				}
			}
		},
		{
			"from": [9.50785, 14.40838, 0.46073],
			"to": [9.75916, 17.67539, 0.71204],
			"rotation": {
				"angle": 0,
				"axis": "y",
				"origin": [9.63351, 16.04188, 0.58639]
			},
			"faces": {
				"north": {
					"uv": [6.15625, 7.34375, 6.1875, 7.75],
					"texture": "#0"
				},
				"east": {
					"uv": [6.1875, 7.34375, 6.21875, 7.75],
					"texture": "#0"
				},
				"south": {
					"uv": [6.21875, 7.34375, 6.25, 7.75],
					"texture": "#0"
				},
				"west": {
					"uv": [6.25, 7.34375, 6.28125, 7.75],
					"texture": "#0"
				},
				"up": {
					"uv": [3.71875, 6, 3.6875, 5.96875],
					"texture": "#0"
				},
				"down": {
					"uv": [5.51563, 6.03125, 5.48438, 6.0625],
					"texture": "#0"
				}
			}
		},
		{
			"from": [6.74346, 14.40838, 4.73298],
			"to": [6.99476, 17.67539, 4.98429],
			"rotation": {
				"angle": 0,
				"axis": "y",
				"origin": [6.86911, 16.04188, 4.85864]
			},
			"faces": {
				"north": {
					"uv": [5.5, 7.35938, 5.53125, 7.76563],
					"texture": "#0"
				},
				"east": {
					"uv": [5.53125, 7.35938, 5.5625, 7.76563],
					"texture": "#0"
				},
				"south": {
					"uv": [5.5625, 7.35938, 5.59375, 7.76563],
					"texture": "#0"
				},
				"west": {
					"uv": [5.59375, 7.35938, 5.625, 7.76563],
					"texture": "#0"
				},
				"up": {
					"uv": [6.40625, 1.90625, 6.375, 1.875],
					"texture": "#0"
				},
				"down": {
					"uv": [6.40625, 1.90625, 6.375, 1.9375],
					"texture": "#0"
				}
			}
		},
		{
			"from": [9.50785, 14.40838, 4.73298],
			"to": [9.75916, 17.67539, 4.98429],
			"rotation": {
				"angle": 0,
				"axis": "y",
				"origin": [9.63351, 16.04188, 4.85864]
			},
			"faces": {
				"north": {
					"uv": [5.625, 7.35938, 5.65625, 7.76563],
					"texture": "#0"
				},
				"east": {
					"uv": [5.65625, 7.35938, 5.6875, 7.76563],
					"texture": "#0"
				},
				"south": {
					"uv": [5.6875, 7.35938, 5.71875, 7.76563],
					"texture": "#0"
				},
				"west": {
					"uv": [7.375, 0.78125, 7.40625, 1.1875],
					"texture": "#0"
				},
				"up": {
					"uv": [6.4375, 4.6875, 6.40625, 4.65625],
					"texture": "#0"
				},
				"down": {
					"uv": [6.4375, 4.6875, 6.40625, 4.71875],
					"texture": "#0"
				}
			}
		},
		{
			"from": [9.50785, 14.40838, 9.25654],
			"to": [9.75916, 17.67539, 9.50785],
			"rotation": {
				"angle": 0,
				"axis": "y",
				"origin": [9.63351, 16.04188, 9.3822]
			},
			"faces": {
				"north": {
					"uv": [2.42188, 7.375, 2.45313, 7.78125],
					"texture": "#0"
				},
				"east": {
					"uv": [2.45313, 7.375, 2.48438, 7.78125],
					"texture": "#0"
				},
				"south": {
					"uv": [2.48438, 7.375, 2.51563, 7.78125],
					"texture": "#0"
				},
				"west": {
					"uv": [7.375, 7.20313, 7.40625, 7.60938],
					"texture": "#0"
				},
				"up": {
					"uv": [6.45313, 2.79688, 6.42188, 2.76563],
					"texture": "#0"
				},
				"down": {
					"uv": [6.45313, 2.79688, 6.42188, 2.82813],
					"texture": "#0"
				}
			}
		},
		{
			"from": [4.35602, 12.90052, 11.51832],
			"to": [4.73298, 16.79581, 11.64398],
			"rotation": {
				"angle": 0,
				"axis": "y",
				"origin": [9.63351, 15.1623, 9.25654]
			},
			"faces": {
				"north": {
					"uv": [1.73438, 7.32813, 1.78125, 7.8125],
					"texture": "#0"
				},
				"east": {
					"uv": [3.64063, 6.42188, 3.65625, 6.90625],
					"texture": "#0"
				},
				"south": {
					"uv": [1.78125, 7.32813, 1.82813, 7.8125],
					"texture": "#0"
				},
				"west": {
					"uv": [4.01563, 7.3125, 4.03125, 7.79688],
					"texture": "#0"
				},
				"up": {
					"uv": [3.23438, 2.92188, 3.1875, 2.90625],
					"texture": "#0"
				},
				"down": {
					"uv": [3.28125, 2.90625, 3.23438, 2.92188],
					"texture": "#0"
				}
			}
		}
	]
}