{
	"textures": {
		"0": "animated_java:item/bus/bustexture"
	},
	"display": {
		"head": {
			"rotation": [0, 180, 0]
		}
	},
	"elements": [
		{
			"from": [6, 0, 0],
			"to": [16, 16, 16],
			"rotation": {
				"angle": 45,
				"axis": "x",
				"origin": [1, 8, 8]
			},
			"faces": {
				"north": {
					"uv": [4.34375, 7.15625, 4.5, 7.40625],
					"texture": "#0"
				},
				"east": {
					"uv": [7.04688, 2.32813, 7.29688, 2.57813],
					"texture": "#0"
				},
				"south": {
					"uv": [6.6875, 7.17188, 6.84375, 7.42188],
					"texture": "#0"
				},
				"west": {
					"uv": [4.71875, 7.04688, 4.96875, 7.29688],
					"texture": "#0"
				},
				"up": {
					"uv": [0.45313, 7.4375, 0.29688, 7.1875],
					"texture": "#0"
				},
				"down": {
					"uv": [4.1875, 7.1875, 4.03125, 7.4375],
					"texture": "#0"
				}
			}
		},
		{
			"from": [5, 7, 6],
			"to": [6, 10, 9],
			"rotation": {
				"angle": 45,
				"axis": "x",
				"origin": [1, 8, 7]
			},
			"faces": {
				"north": {
					"uv": [3.54688, 2.8125, 3.5625, 2.85938],
					"texture": "#0"
				},
				"east": {
					"uv": [1.42188, 5.15625, 1.46875, 5.20313],
					"texture": "#0"
				},
				"south": {
					"uv": [3.54688, 2.85938, 3.5625, 2.90625],
					"texture": "#0"
				},
				"west": {
					"uv": [5.4375, 3.82813, 5.48438, 3.875],
					"texture": "#0"
				},
				"up": {
					"uv": [4.53125, 2.14063, 4.51563, 2.09375],
					"texture": "#0"
				},
				"down": {
					"uv": [4.53125, 2.14063, 4.51563, 2.1875],
					"texture": "#0"
				}
			}
		}
	]
}