{
	"textures": {
		"0": "animated_java:item/bus/bustexture"
	},
	"display": {
		"head": {
			"rotation": [0, 180, 0]
		}
	},
	"elements": [
		{
			"from": [-6.16393, 7.21311, -1.83607],
			"to": [17.83607, 8, 8],
			"rotation": {
				"angle": 22.5,
				"axis": "x",
				"origin": [8, 8, 8]
			},
			"faces": {
				"north": {
					"uv": [8.125, 4.60938, 7.25, 4.64063],
					"texture": "#0"
				},
				"east": {
					"uv": [7.76563, 1.23438, 7.375, 1.26563],
					"texture": "#0"
				},
				"south": {
					"uv": [8.14063, 2.10938, 7.26563, 2.14063],
					"texture": "#0"
				},
				"west": {
					"uv": [7.73438, 4.875, 7.34375, 4.90625],
					"texture": "#0"
				},
				"up": {
					"uv": [0, 5.92188, 0.875, 5.53125],
					"texture": "#0"
				},
				"down": {
					"uv": [2.84375, 5.57813, 3.71875, 5.96875],
					"texture": "#0"
				}
			}
		}
	]
}