{
	"textures": {
		"0": "animated_java:item/bus/bustexture"
	},
	"display": {
		"head": {
			"rotation": [0, 180, 0]
		}
	},
	"elements": [
		{
			"from": [7, 4, -5],
			"to": [9, 7, 9],
			"rotation": {
				"angle": 0,
				"axis": "y",
				"origin": [8, 8, 8]
			},
			"faces": {
				"north": {
					"uv": [0.9375, 4.59375, 0.96875, 4.71875],
					"texture": "#0"
				},
				"east": {
					"uv": [7.125, 5.5625, 7.54688, 5.6875],
					"texture": "#0"
				},
				"south": {
					"uv": [6.73438, 0.78125, 6.76563, 0.90625],
					"texture": "#0"
				},
				"west": {
					"uv": [7.125, 5.6875, 7.54688, 5.8125],
					"texture": "#0"
				},
				"up": {
					"uv": [4.375, 6.42188, 4.34375, 6],
					"texture": "#0"
				},
				"down": {
					"uv": [2.14063, 6.4375, 2.10938, 6.85938],
					"texture": "#0"
				}
			}
		}
	]
}