{
	"textures": {
		"0": "animated_java:item/bus/bustexture"
	},
	"display": {
		"head": {
			"rotation": [0, 180, 0]
		}
	},
	"elements": [
		{
			"from": [6, 0, 0],
			"to": [16, 16, 16],
			"rotation": {
				"angle": 45,
				"axis": "x",
				"origin": [1, 8, 8]
			},
			"faces": {
				"north": {
					"uv": [7.1875, 4.65625, 7.34375, 4.90625],
					"texture": "#0"
				},
				"east": {
					"uv": [7.0625, 0.28125, 7.3125, 0.53125],
					"texture": "#0"
				},
				"south": {
					"uv": [6.84375, 7.20313, 7, 7.45313],
					"texture": "#0"
				},
				"west": {
					"uv": [1.4375, 7.0625, 1.6875, 7.3125],
					"texture": "#0"
				},
				"up": {
					"uv": [7.15625, 7.45313, 7, 7.20313],
					"texture": "#0"
				},
				"down": {
					"uv": [7.3125, 7.20313, 7.15625, 7.45313],
					"texture": "#0"
				}
			}
		},
		{
			"from": [16, 7, 6],
			"to": [17, 10, 9],
			"rotation": {
				"angle": 45,
				"axis": "x",
				"origin": [12, 8, 7]
			},
			"faces": {
				"north": {
					"uv": [1.42188, 5.07813, 1.4375, 5.125],
					"texture": "#0"
				},
				"east": {
					"uv": [5.4375, 3.875, 5.48438, 3.92188],
					"texture": "#0"
				},
				"south": {
					"uv": [5.48438, 3.82813, 5.5, 3.875],
					"texture": "#0"
				},
				"west": {
					"uv": [0.875, 5.53125, 0.92188, 5.57813],
					"texture": "#0"
				},
				"up": {
					"uv": [5.5, 3.92188, 5.48438, 3.875],
					"texture": "#0"
				},
				"down": {
					"uv": [1.84375, 5.9375, 1.82813, 5.98438],
					"texture": "#0"
				}
			}
		}
	]
}