{
	"textures": {
		"0": "animated_java:item/bus/bustexture"
	},
	"display": {
		"head": {
			"rotation": [0, 180, 0]
		}
	},
	"elements": [
		{
			"from": [1.94958, 10.62185, 27.76471],
			"to": [14.45378, 15.86555, 32],
			"rotation": {
				"angle": 0,
				"axis": "y",
				"origin": [6.58824, 10.62185, 31.79832]
			},
			"faces": {
				"north": {
					"uv": [0, 5.125, 0.96875, 5.53125],
					"texture": "#0"
				},
				"east": {
					"uv": [1.23438, 6.42188, 1.5625, 6.82813],
					"texture": "#0"
				},
				"south": {
					"uv": [3.5625, 5.17188, 4.53125, 5.57813],
					"texture": "#0"
				},
				"west": {
					"uv": [6.42188, 2.29688, 6.75, 2.70313],
					"texture": "#0"
				},
				"up": {
					"uv": [1.84375, 5.9375, 0.875, 5.60938],
					"texture": "#0"
				},
				"down": {
					"uv": [2.8125, 5.65625, 1.84375, 5.98438],
					"texture": "#0"
				}
			}
		},
		{
			"from": [14.05042, 22.11765, 21.51261],
			"to": [14.45378, 23.73109, 26.95798],
			"rotation": {
				"angle": 0,
				"axis": "y",
				"origin": [14.2521, 15.86555, 27.15966]
			},
			"faces": {
				"north": {
					"uv": [0.9375, 4.59375, 0.96875, 4.71875],
					"texture": "#0"
				},
				"east": {
					"uv": [7.125, 5.5625, 7.54688, 5.6875],
					"texture": "#0"
				},
				"south": {
					"uv": [6.73438, 0.78125, 6.76563, 0.90625],
					"texture": "#0"
				},
				"west": {
					"uv": [7.125, 5.6875, 7.54688, 5.8125],
					"texture": "#0"
				},
				"up": {
					"uv": [4.375, 6.42188, 4.34375, 6],
					"texture": "#0"
				},
				"down": {
					"uv": [2.14063, 6.4375, 2.10938, 6.85938],
					"texture": "#0"
				}
			}
		},
		{
			"from": [2.15126, 22.11765, 21.51261],
			"to": [2.55462, 23.73109, 26.95798],
			"rotation": {
				"angle": 0,
				"axis": "y",
				"origin": [2.35294, 15.86555, 27.15966]
			},
			"faces": {
				"north": {
					"uv": [3.54688, 2.65625, 3.5625, 2.8125],
					"texture": "#0"
				},
				"east": {
					"uv": [6.96875, 2.17188, 7.39063, 2.32813],
					"texture": "#0"
				},
				"south": {
					"uv": [4.51563, 1.9375, 4.53125, 2.09375],
					"texture": "#0"
				},
				"west": {
					"uv": [7.01563, 2.625, 7.4375, 2.78125],
					"texture": "#0"
				},
				"up": {
					"uv": [5.96875, 7.76563, 5.95313, 7.34375],
					"texture": "#0"
				},
				"down": {
					"uv": [6.29688, 7.34375, 6.28125, 7.76563],
					"texture": "#0"
				}
			}
		},
		{
			"from": [13.64706, 12.43697, 22.52101],
			"to": [14.45378, 15.86555, 27.76471],
			"rotation": {
				"angle": 0,
				"axis": "y",
				"origin": [6.58824, 10.62185, 26.95798]
			},
			"faces": {
				"north": {
					"uv": [3.48438, 2.65625, 3.54688, 2.92188],
					"texture": "#0"
				},
				"east": {
					"uv": [6.53125, 6.07813, 6.9375, 6.34375],
					"texture": "#0"
				},
				"south": {
					"uv": [4.45313, 1.9375, 4.51563, 2.20313],
					"texture": "#0"
				},
				"west": {
					"uv": [6.53125, 6.34375, 6.9375, 6.60938],
					"texture": "#0"
				},
				"up": {
					"uv": [3.89063, 7.71875, 3.82813, 7.3125],
					"texture": "#0"
				},
				"down": {
					"uv": [3.95313, 7.3125, 3.89063, 7.71875],
					"texture": "#0"
				}
			}
		},
		{
			"from": [1.94958, 12.43697, 22.52101],
			"to": [2.7563, 15.86555, 27.76471],
			"rotation": {
				"angle": 0,
				"axis": "y",
				"origin": [-5.10924, 10.62185, 26.95798]
			},
			"faces": {
				"north": {
					"uv": [5.15625, 7.34375, 5.21875, 7.60938],
					"texture": "#0"
				},
				"east": {
					"uv": [6.60938, 2.70313, 7.01563, 2.96875],
					"texture": "#0"
				},
				"south": {
					"uv": [5.21875, 7.34375, 5.28125, 7.60938],
					"texture": "#0"
				},
				"west": {
					"uv": [6.60938, 2.96875, 7.01563, 3.23438],
					"texture": "#0"
				},
				"up": {
					"uv": [4.01563, 7.71875, 3.95313, 7.3125],
					"texture": "#0"
				},
				"down": {
					"uv": [7.375, 7.20313, 7.3125, 7.60938],
					"texture": "#0"
				}
			}
		},
		{
			"from": [11.63025, 12.43697, 22.52101],
			"to": [13.64706, 15.86555, 27.96639],
			"rotation": {
				"angle": 0,
				"axis": "y",
				"origin": [15.46218, 5.37815, 26.95798]
			},
			"faces": {
				"north": {
					"uv": [4.375, 5.57813, 4.53125, 5.84375],
					"texture": "#0"
				},
				"east": {
					"uv": [6.46875, 3.95313, 6.89063, 4.21875],
					"texture": "#0"
				},
				"south": {
					"uv": [3.07813, 6.45313, 3.23438, 6.71875],
					"texture": "#0"
				},
				"west": {
					"uv": [6.46875, 4.65625, 6.89063, 4.92188],
					"texture": "#0"
				},
				"up": {
					"uv": [2.96875, 7.29688, 2.8125, 6.875],
					"texture": "#0"
				},
				"down": {
					"uv": [7.17188, 2.78125, 7.01563, 3.20313],
					"texture": "#0"
				}
			}
		},
		{
			"from": [2.7563, 12.43697, 22.52101],
			"to": [4.77311, 13.2437, 27.96639],
			"rotation": {
				"angle": 0,
				"axis": "y",
				"origin": [6.58824, 5.37815, 26.95798]
			},
			"faces": {
				"north": {
					"uv": [4.375, 5.84375, 4.53125, 5.90625],
					"texture": "#0"
				},
				"east": {
					"uv": [7.3125, 0.375, 7.73438, 0.4375],
					"texture": "#0"
				},
				"south": {
					"uv": [6.42188, 2.70313, 6.57813, 2.76563],
					"texture": "#0"
				},
				"west": {
					"uv": [7.3125, 0.4375, 7.73438, 0.5],
					"texture": "#0"
				},
				"up": {
					"uv": [3.125, 7.46875, 2.96875, 7.04688],
					"texture": "#0"
				},
				"down": {
					"uv": [3.28125, 7.04688, 3.125, 7.46875],
					"texture": "#0"
				}
			}
		},
		{
			"from": [2.7563, 13.2437, 22.52101],
			"to": [4.77311, 15.86555, 27.76471],
			"rotation": {
				"angle": 0,
				"axis": "y",
				"origin": [6.58824, 8, 26.95798]
			},
			"faces": {
				"north": {
					"uv": [6.29688, 7.29688, 6.45313, 7.5],
					"texture": "#0"
				},
				"east": {
					"uv": [3.07813, 6.84375, 3.48438, 7.04688],
					"texture": "#0"
				},
				"south": {
					"uv": [6.45313, 7.29688, 6.60938, 7.5],
					"texture": "#0"
				},
				"west": {
					"uv": [1.4375, 6.85938, 1.84375, 7.0625],
					"texture": "#0"
				},
				"up": {
					"uv": [3.4375, 7.45313, 3.28125, 7.04688],
					"texture": "#0"
				},
				"down": {
					"uv": [4.71875, 7.04688, 4.5625, 7.45313],
					"texture": "#0"
				}
			}
		},
		{
			"from": [8.60504, 10.62185, 21.71429],
			"to": [11.63025, 13.44538, 24.7395],
			"rotation": {
				"angle": 0,
				"axis": "y",
				"origin": [6.58824, 10.62185, 19.29412]
			},
			"faces": {
				"north": {
					"uv": [5.73438, 7.125, 5.96875, 7.34375],
					"texture": "#0"
				},
				"east": {
					"uv": [1.95313, 7.17188, 2.1875, 7.39063],
					"texture": "#0"
				},
				"south": {
					"uv": [2.1875, 7.17188, 2.42188, 7.39063],
					"texture": "#0"
				},
				"west": {
					"uv": [7.17188, 2.78125, 7.40625, 3],
					"texture": "#0"
				},
				"up": {
					"uv": [7.35938, 5.5625, 7.125, 5.32813],
					"texture": "#0"
				},
				"down": {
					"uv": [5.73438, 7.125, 5.5, 7.35938],
					"texture": "#0"
				}
			}
		},
		{
			"from": [11.63025, 10.62185, 22.52101],
			"to": [12.63866, 12.43697, 27.96639],
			"rotation": {
				"angle": 0,
				"axis": "y",
				"origin": [6.58824, 10.62185, 20.10084]
			},
			"faces": {
				"north": {
					"uv": [3.29688, 5.4375, 3.375, 5.57813],
					"texture": "#0"
				},
				"east": {
					"uv": [7.0625, 0.53125, 7.48438, 0.67188],
					"texture": "#0"
				},
				"south": {
					"uv": [3.375, 5.4375, 3.45313, 5.57813],
					"texture": "#0"
				},
				"west": {
					"uv": [7.07813, 1.53125, 7.5, 1.67188],
					"texture": "#0"
				},
				"up": {
					"uv": [4.85938, 7.71875, 4.78125, 7.29688],
					"texture": "#0"
				},
				"down": {
					"uv": [4.9375, 7.29688, 4.85938, 7.71875],
					"texture": "#0"
				}
			}
		},
		{
			"from": [11.63025, 10.62185, 21.51261],
			"to": [14.45378, 15.86555, 22.52101],
			"rotation": {
				"angle": 0,
				"axis": "y",
				"origin": [11.22689, 11.63025, 21.91597]
			},
			"faces": {
				"north": {
					"uv": [0.70313, 6.71875, 0.92188, 7.125],
					"texture": "#0"
				},
				"east": {
					"uv": [6.60938, 7.29688, 6.6875, 7.70313],
					"texture": "#0"
				},
				"south": {
					"uv": [0.92188, 6.71875, 1.14063, 7.125],
					"texture": "#0"
				},
				"west": {
					"uv": [1.39063, 7.3125, 1.46875, 7.71875],
					"texture": "#0"
				},
				"up": {
					"uv": [5.71875, 4.40625, 5.5, 4.32813],
					"texture": "#0"
				},
				"down": {
					"uv": [5.48438, 5.90625, 5.26563, 5.98438],
					"texture": "#0"
				}
			}
		},
		{
			"from": [1.94958, 10.62185, 21.51261],
			"to": [4.77311, 15.86555, 22.52101],
			"rotation": {
				"angle": 0,
				"axis": "y",
				"origin": [1.54622, 11.63025, 21.91597]
			},
			"faces": {
				"north": {
					"uv": [6.75, 1.92188, 6.96875, 2.32813],
					"texture": "#0"
				},
				"east": {
					"uv": [1.46875, 7.3125, 1.54688, 7.71875],
					"texture": "#0"
				},
				"south": {
					"uv": [4.34375, 6.75, 4.5625, 7.15625],
					"texture": "#0"
				},
				"west": {
					"uv": [1.54688, 7.3125, 1.625, 7.71875],
					"texture": "#0"
				},
				"up": {
					"uv": [5.48438, 6.0625, 5.26563, 5.98438],
					"texture": "#0"
				},
				"down": {
					"uv": [6.96875, 2.625, 6.75, 2.70313],
					"texture": "#0"
				}
			}
		},
		{
			"from": [3.76471, 10.62185, 22.11765],
			"to": [4.77311, 12.43697, 27.96639],
			"rotation": {
				"angle": 0,
				"axis": "y",
				"origin": [-1.27731, 10.62185, 20.10084]
			},
			"faces": {
				"north": {
					"uv": [6.125, 2.85938, 6.20313, 3],
					"texture": "#0"
				},
				"east": {
					"uv": [0.96875, 5.07813, 1.42188, 5.21875],
					"texture": "#0"
				},
				"south": {
					"uv": [6.20313, 2.85938, 6.28125, 3],
					"texture": "#0"
				},
				"west": {
					"uv": [2.84375, 5.4375, 3.29688, 5.57813],
					"texture": "#0"
				},
				"up": {
					"uv": [2.21875, 6.89063, 2.14063, 6.4375],
					"texture": "#0"
				},
				"down": {
					"uv": [2.51563, 6.92188, 2.4375, 7.375],
					"texture": "#0"
				}
			}
		},
		{
			"from": [2.15126, 23.52941, 21.51261],
			"to": [14.5042, 23.93277, 27.15966],
			"rotation": {
				"angle": 0,
				"axis": "y",
				"origin": [9.41176, 23.93277, 27.15966]
			},
			"faces": {
				"north": {
					"uv": [7.8125, 6.57813, 6.9375, 6.60938],
					"texture": "#0"
				},
				"east": {
					"uv": [7.75, 0.5, 7.3125, 0.53125],
					"texture": "#0"
				},
				"south": {
					"uv": [8.0625, 4.17188, 7.1875, 4.20313],
					"texture": "#0"
				},
				"west": {
					"uv": [6.1875, 4.73438, 5.75, 4.76563],
					"texture": "#0"
				},
				"up": {
					"uv": [1.96875, 5.65625, 2.84375, 5.21875],
					"texture": "#0"
				},
				"down": {
					"uv": [5.4375, 3.01563, 6.3125, 3.45313],
					"texture": "#0"
				}
			}
		}
	]
}