{
	"textures": {
		"0": "animated_java:item/bus/bustexture"
	},
	"display": {
		"head": {
			"rotation": [0, 180, 0]
		}
	},
	"elements": [
		{
			"from": [5.95122, 10.34146, -3.80488],
			"to": [6.73171, 11.12195, -3.5122],
			"rotation": {
				"angle": 0,
				"axis": "y",
				"origin": [6.63415, 10.34146, -3.60976]
			},
			"faces": {
				"north": {
					"uv": [0, 0, 0.125, 0.125],
					"texture": "#0"
				},
				"east": {
					"uv": [0, 0, 0.04688, 0.125],
					"texture": "#0"
				},
				"south": {
					"uv": [0, 0, 0.125, 0.125],
					"texture": "#0"
				},
				"west": {
					"uv": [0, 0, 0.04688, 0.125],
					"texture": "#0"
				},
				"up": {
					"uv": [0, 0, 0.125, 0.04688],
					"texture": "#0"
				},
				"down": {
					"uv": [0, 0, 0.125, 0.04688],
					"texture": "#0"
				}
			}
		},
		{
			"from": [9.46341, 10.34146, 19.90244],
			"to": [10.2439, 11.12195, 20.19512],
			"rotation": {
				"angle": 0,
				"axis": "y",
				"origin": [10.14634, 10.34146, 20.09756]
			},
			"faces": {
				"north": {
					"uv": [0, 0, 0.125, 0.125],
					"texture": "#0"
				},
				"east": {
					"uv": [0, 0, 0.04688, 0.125],
					"texture": "#0"
				},
				"south": {
					"uv": [0, 0, 0.125, 0.125],
					"texture": "#0"
				},
				"west": {
					"uv": [0, 0, 0.04688, 0.125],
					"texture": "#0"
				},
				"up": {
					"uv": [0, 0, 0.125, 0.04688],
					"texture": "#0"
				},
				"down": {
					"uv": [0, 0, 0.125, 0.04688],
					"texture": "#0"
				}
			}
		},
		{
			"from": [9.46341, 10.34146, -3.80488],
			"to": [10.2439, 11.12195, -3.5122],
			"rotation": {
				"angle": 0,
				"axis": "y",
				"origin": [10.14634, 10.34146, -3.60976]
			},
			"faces": {
				"north": {
					"uv": [0, 0, 0.125, 0.125],
					"texture": "#0"
				},
				"east": {
					"uv": [0, 0, 0.04688, 0.125],
					"texture": "#0"
				},
				"south": {
					"uv": [0, 0, 0.125, 0.125],
					"texture": "#0"
				},
				"west": {
					"uv": [0, 0, 0.04688, 0.125],
					"texture": "#0"
				},
				"up": {
					"uv": [0, 0, 0.125, 0.04688],
					"texture": "#0"
				},
				"down": {
					"uv": [0, 0, 0.125, 0.04688],
					"texture": "#0"
				}
			}
		},
		{
			"from": [5.85366, 10.34146, 19.90244],
			"to": [6.63415, 11.12195, 20.19512],
			"rotation": {
				"angle": 0,
				"axis": "y",
				"origin": [6.53659, 10.34146, 20.09756]
			},
			"faces": {
				"north": {
					"uv": [0, 0, 0.125, 0.125],
					"texture": "#0"
				},
				"east": {
					"uv": [0, 0, 0.04688, 0.125],
					"texture": "#0"
				},
				"south": {
					"uv": [0, 0, 0.125, 0.125],
					"texture": "#0"
				},
				"west": {
					"uv": [0, 0, 0.04688, 0.125],
					"texture": "#0"
				},
				"up": {
					"uv": [0, 0, 0.125, 0.04688],
					"texture": "#0"
				},
				"down": {
					"uv": [0, 0, 0.125, 0.04688],
					"texture": "#0"
				}
			}
		}
	]
}