{
	"textures": {
		"0": "animated_java:item/bus/bustexture"
	},
	"display": {
		"head": {
			"rotation": [0, 180, 0]
		}
	},
	"elements": [
		{
			"from": [7.11111, -4, 8.22222],
			"to": [8, 20, 16.66667],
			"rotation": {
				"angle": 0,
				"axis": "y",
				"origin": [7.55556, 8.44444, 8.22222]
			},
			"faces": {
				"north": {
					"uv": [2.67188, 7.20313, 2.70313, 8.04688],
					"texture": "#0"
				},
				"east": {
					"uv": [4.67188, 5.90625, 4.96875, 6.75],
					"texture": "#0"
				},
				"south": {
					"uv": [4.9375, 7.29688, 4.96875, 8.14063],
					"texture": "#0"
				},
				"west": {
					"uv": [4.96875, 5.90625, 5.26563, 6.75],
					"texture": "#0"
				},
				"up": {
					"uv": [6.75, 2.21875, 6.71875, 1.92188],
					"texture": "#0"
				},
				"down": {
					"uv": [0.79688, 7.40625, 0.76563, 7.70313],
					"texture": "#0"
				}
			}
		}
	]
}