{
	"textures": {
		"0": "animated_java:item/bus/bustexture"
	},
	"display": {
		"head": {
			"rotation": [0, 180, 0]
		}
	},
	"elements": [
		{
			"from": [6, 0, 0],
			"to": [16, 16, 16],
			"rotation": {
				"angle": 45,
				"axis": "x",
				"origin": [1, 8, 8]
			},
			"faces": {
				"north": {
					"uv": [7.26563, 6.70313, 7.42188, 6.95313],
					"texture": "#0"
				},
				"east": {
					"uv": [7.07813, 1.28125, 7.32813, 1.53125],
					"texture": "#0"
				},
				"south": {
					"uv": [7.26563, 6.95313, 7.42188, 7.20313],
					"texture": "#0"
				},
				"west": {
					"uv": [6.04688, 7.09375, 6.29688, 7.34375],
					"texture": "#0"
				},
				"up": {
					"uv": [7.45313, 2.57813, 7.29688, 2.32813],
					"texture": "#0"
				},
				"down": {
					"uv": [2.96875, 7.29688, 2.8125, 7.54688],
					"texture": "#0"
				}
			}
		},
		{
			"from": [5, 7, 6.4],
			"to": [6, 10, 9.4],
			"rotation": {
				"angle": 45,
				"axis": "x",
				"origin": [1, 8, 7.4]
			},
			"faces": {
				"north": {
					"uv": [6.45313, 4.70313, 6.46875, 4.75],
					"texture": "#0"
				},
				"east": {
					"uv": [1.89063, 5.60938, 1.9375, 5.65625],
					"texture": "#0"
				},
				"south": {
					"uv": [6.46875, 2.76563, 6.48438, 2.8125],
					"texture": "#0"
				},
				"west": {
					"uv": [6.32813, 1.875, 6.375, 1.92188],
					"texture": "#0"
				},
				"up": {
					"uv": [6.48438, 2.85938, 6.46875, 2.8125],
					"texture": "#0"
				},
				"down": {
					"uv": [6.5, 2.76563, 6.48438, 2.8125],
					"texture": "#0"
				}
			}
		}
	]
}