{
	"textures": {
		"0": "animated_java:item/bus/bustexture"
	},
	"display": {
		"head": {
			"rotation": [0, 180, 0]
		}
	},
	"elements": [
		{
			"from": [6, 0, 0],
			"to": [16, 16, 16],
			"rotation": {
				"angle": 45,
				"axis": "x",
				"origin": [1, 8, 8]
			},
			"faces": {
				"north": {
					"uv": [0, 7.21875, 0.15625, 7.46875],
					"texture": "#0"
				},
				"east": {
					"uv": [7.07813, 0.78125, 7.32813, 1.03125],
					"texture": "#0"
				},
				"south": {
					"uv": [7.23438, 5.90625, 7.39063, 6.15625],
					"texture": "#0"
				},
				"west": {
					"uv": [7.07813, 1.03125, 7.32813, 1.28125],
					"texture": "#0"
				},
				"up": {
					"uv": [7.39063, 6.40625, 7.23438, 6.15625],
					"texture": "#0"
				},
				"down": {
					"uv": [7.42188, 1.76563, 7.26563, 2.01563],
					"texture": "#0"
				}
			}
		},
		{
			"from": [16, 7, 7],
			"to": [17, 10, 10],
			"rotation": {
				"angle": 45,
				"axis": "x",
				"origin": [12, 8, 8]
			},
			"faces": {
				"north": {
					"uv": [6.4375, 4.65625, 6.45313, 4.70313],
					"texture": "#0"
				},
				"east": {
					"uv": [0.92188, 5.53125, 0.96875, 5.57813],
					"texture": "#0"
				},
				"south": {
					"uv": [6.45313, 2.76563, 6.46875, 2.8125],
					"texture": "#0"
				},
				"west": {
					"uv": [1.84375, 5.60938, 1.89063, 5.65625],
					"texture": "#0"
				},
				"up": {
					"uv": [6.46875, 2.85938, 6.45313, 2.8125],
					"texture": "#0"
				},
				"down": {
					"uv": [6.46875, 4.65625, 6.45313, 4.70313],
					"texture": "#0"
				}
			}
		}
	]
}