{
	"textures": {
		"0": "animated_java:item/bus/bustexture"
	},
	"display": {
		"head": {
			"rotation": [0, 180, 0]
		}
	},
	"elements": [
		{
			"from": [4.93827, 8.69136, 17.67901],
			"to": [11.25926, 9.28395, 19.85185],
			"rotation": {
				"angle": 0,
				"axis": "y",
				"origin": [5.03704, 8.69136, 7.20988]
			},
			"faces": {
				"north": {
					"uv": [6.53125, 6.60938, 7.53125, 6.70313],
					"texture": "#0"
				},
				"east": {
					"uv": [5.26563, 6.54688, 5.60938, 6.64063],
					"texture": "#0"
				},
				"south": {
					"uv": [6.64063, 0, 7.64063, 0.09375],
					"texture": "#0"
				},
				"west": {
					"uv": [7.26563, 2.01563, 7.60938, 2.10938],
					"texture": "#0"
				},
				"up": {
					"uv": [6.53125, 5.67188, 5.53125, 5.32813],
					"texture": "#0"
				},
				"down": {
					"uv": [5.53125, 5.5625, 4.53125, 5.90625],
					"texture": "#0"
				}
			}
		},
		{
			"from": [4.93827, 8.69136, -4.14815],
			"to": [11.25926, 9.28395, -1.67901],
			"rotation": {
				"angle": 0,
				"axis": "y",
				"origin": [5.03704, 8.69136, -14.32099]
			},
			"faces": {
				"north": {
					"uv": [6.64063, 0.09375, 7.64063, 0.1875],
					"texture": "#0"
				},
				"east": {
					"uv": [7.1875, 4.07813, 7.57813, 4.17188],
					"texture": "#0"
				},
				"south": {
					"uv": [6.64063, 0.1875, 7.64063, 0.28125],
					"texture": "#0"
				},
				"west": {
					"uv": [7.25, 4.51563, 7.64063, 4.60938],
					"texture": "#0"
				},
				"up": {
					"uv": [5.53125, 5.5625, 4.53125, 5.17188],
					"texture": "#0"
				},
				"down": {
					"uv": [1.96875, 5.21875, 0.96875, 5.60938],
					"texture": "#0"
				}
			}
		},
		{
			"from": [4.83951, 8.69136, 0.69136],
			"to": [11.35802, 9.28395, 15.20988],
			"rotation": {
				"angle": 0,
				"axis": "y",
				"origin": [5.03704, 8.69136, -3.06173]
			},
			"faces": {
				"north": {
					"uv": [6.46875, 5.04688, 7.5, 5.14063],
					"texture": "#0"
				},
				"east": {
					"uv": [5.75, 4.32813, 8.04688, 4.42188],
					"texture": "#0"
				},
				"south": {
					"uv": [6.60938, 3.35938, 7.64063, 3.45313],
					"texture": "#0"
				},
				"west": {
					"uv": [5.75, 4.42188, 8.04688, 4.51563],
					"texture": "#0"
				},
				"up": {
					"uv": [2.53125, 5.21875, 1.5, 2.92188],
					"texture": "#0"
				},
				"down": {
					"uv": [3.5625, 2.92188, 2.53125, 5.21875],
					"texture": "#0"
				}
			}
		},
		{
			"from": [5.7284, 8.69136, -3.85185],
			"to": [10.46914, 9.28395, 19.65432],
			"rotation": {
				"angle": 0,
				"axis": "y",
				"origin": [5.03704, 8.69136, -3.06173]
			},
			"faces": {
				"north": {
					"uv": [6.78125, 1.67188, 7.53125, 1.76563],
					"texture": "#0"
				},
				"east": {
					"uv": [5.53125, 5.14063, 9.28125, 5.23438],
					"texture": "#0"
				},
				"south": {
					"uv": [6.9375, 6.42188, 7.6875, 6.51563],
					"texture": "#0"
				},
				"west": {
					"uv": [5.53125, 5.23438, 9.28125, 5.32813],
					"texture": "#0"
				},
				"up": {
					"uv": [0.75, 3.75, 0, 0],
					"texture": "#0"
				},
				"down": {
					"uv": [1.5, 0, 0.75, 3.75],
					"texture": "#0"
				}
			}
		}
	]
}