{
	"textures": {
		"0": "animated_java:item/bus/bustexture"
	},
	"display": {
		"head": {
			"rotation": [0, 180, 0]
		}
	},
	"elements": [
		{
			"from": [7.55556, -4, -0.44444],
			"to": [8.44444, 20, 8],
			"rotation": {
				"angle": 0,
				"axis": "y",
				"origin": [8, 8.44444, 8]
			},
			"faces": {
				"north": {
					"uv": [2.67188, 6.35938, 2.70313, 7.20313],
					"texture": "#0"
				},
				"east": {
					"uv": [0.9375, 3.75, 1.23438, 4.59375],
					"texture": "#0"
				},
				"south": {
					"uv": [2.51563, 6.92188, 2.54688, 7.76563],
					"texture": "#0"
				},
				"west": {
					"uv": [4.375, 5.90625, 4.67188, 6.75],
					"texture": "#0"
				},
				"up": {
					"uv": [2.84375, 5.95313, 2.8125, 5.65625],
					"texture": "#0"
				},
				"down": {
					"uv": [4.375, 6.42188, 4.34375, 6.71875],
					"texture": "#0"
				}
			}
		}
	]
}